	Mean	Stand_Dev
PV vs SST	0.9997	0.005471740119919798
BIC vs non-BIC	0.801375	0.13574207264251303
BC vs non-BC	0.620090909090909	0.13934048637436242
