	CellType	Reads (M)	Aligned reads (M)	Alignment rate (%)	Gene count (K)	Isoform count (K)
O442	Cortical	7.099618	4.355453	61.34770913026587	6.241	9.514
O443	Cortical	10.879237	7.368139	67.72661538672243	10.714	17.012
O444	Cortical	9.59766	4.788246	49.8897231200105	6.605	9.175
O445	Cortical	10.026915	8.447231	84.24556306700516	8.514	14.954
O447	Cortical	9.382937	6.062764	64.61477893329135	7.687	11.949
O448	Cortical	8.102015	6.27369	77.43370013508985	7.004	11.678
